{
  "solar": 
    [
      1.955555555555556,2.955555555555556,3.955555555555556,4.955555555555556,5.955555555555556,6.955555555555556,7.955555555555556,8.955555555555556,9.2323,10.234,11.24,12.43,13.234,14.56,15.78
    ]
    ,
    "wind":[
      1.955555555555556,2.955555555555556,3.955555555555556,4.955555555555556,5.955555555555556,6.955555555555556,7.955555555555556,8.955555555555556,9.2323,10.234,11.24,12.43,13.234,14.56,15.78
    ],
    "avg_power_solar" : "3540W"
}